split,rows,log_loss,top1_accuracy,top2_accuracy,top3_accuracy,macro_f1,weighted_f1,balanced_accuracy
train,3209,0.1136221423960381,0.9981302586475538,0.999688376441259,1.0,0.9984409403861505,0.9981301620775705,0.9986768995948276
valid,1141,0.1042178331682892,0.9973707274320771,1.0,1.0,0.9978079591032777,0.9973731542045168,0.9980679889216475
test,1261,1.3946056684219625,0.5051546391752577,0.7882632831086439,0.9111816019032514,0.4461493931047146,0.4947955815718402,0.4462306001537205
