{
  "best_trial_number": 69,
  "best_value": 1.9643795856512571,
  "best_params": {
    "iterations": 911,
    "learning_rate": 0.11989979441894422,
    "depth": 3,
    "l2_leaf_reg": 6.570426859177464,
    "random_strength": 8.76378316574402,
    "bagging_temperature": 9.52081439069469,
    "border_count": 128,
    "min_data_in_leaf": 6,
    "od_wait": 115
  },
  "best_user_attrs": {
    "best_iteration": 46,
    "valid_rmse": 1.9643795856512571,
    "valid_weighted_rmse_diagnostic_only": 1.997077245810378,
    "valid_mae": 1.5465270941053386,
    "valid_r2": 0.30585835576933107,
    "valid_corr": 0.5688026939575619,
    "valid_spearman_corr": 0.47868221749588497
  }
}