{
  "best_trial_number": 19,
  "best_value": 1.9145886379004529,
  "best_params": {
    "iterations": 2096,
    "learning_rate": 0.02315016715622687,
    "depth": 8,
    "l2_leaf_reg": 1.1841233564886846,
    "random_strength": 6.683012405492735,
    "bagging_temperature": 3.9649735940378683,
    "border_count": 32,
    "min_data_in_leaf": 27,
    "od_wait": 188
  },
  "best_user_attrs": {
    "best_iteration": 513,
    "valid_rmse": 1.8956733187275445,
    "valid_weighted_rmse": 1.9145886379004529,
    "valid_mae": 1.4931489769585666,
    "valid_r2": 0.3535658806093167,
    "valid_corr": 0.6161698357914288,
    "valid_spearman_corr": -0.04533691768244925
  }
}