{
  "split": "test_production_train_valid",
  "rows": 797,
  "target_mean": 0.48923508374834385,
  "target_std": 2.720638212047572,
  "pred_mean": 0.05739229034755663,
  "pred_std": 1.5203301016756376,
  "mae": 1.5559201929641733,
  "rmse": 2.0348404201604504,
  "weighted_rmse": 2.117615003004984,
  "r2": 0.439901540276177,
  "corr": 0.6954955254374938,
  "spearman_corr": 0.11645949102080505,
  "sample_weight_mean": 0.6998091328355129,
  "sample_weight_min": 0.40239043824701193,
  "sample_weight_max": 0.8851014936805821,
  "poss_mean": 888.6762860727729,
  "poss_min": 202.0,
  "poss_max": 2311.0
}