bpr_model_type,count,mean,std,min,25%,50%,75%,max
destination_adjusted_with_school,510.0,0.26291617027002606,1.4987245909618072,-1.7717797000345976,-0.8915960655304697,-0.07498468800722399,0.9195305330456348,5.501552104333398
neutral_no_school,121.0,-0.678517114231945,0.5277022487957693,-1.0770347097952142,-0.9194181289511563,-0.8753866508981966,-0.811094989787153,2.5277881501938095
