transfer_bpr_model_type,count,mean,std,min,25%,50%,75%,max
destination_adjusted_with_new_team,1417.0,0.3568082718499891,2.140022586153426,-3.094516335205583,-1.4929152394388305,0.049801424809087,1.8503138078936243,6.7292289382546455
neutral_no_destination,960.0,-0.7053741988835293,1.538599508606308,-2.4955964012571887,-1.780895572387271,-1.2198164765666983,-0.18128803529071058,6.082147203682441
