transfer_bpr_model_type,count,mean,std,min,25%,50%,75%,max
destination_adjusted_with_new_team,1127.0,0.9379487212977887,2.001543532802474,-2.7125087997511024,-0.549604548953661,0.7039898951474686,2.342793731081257,6.7292289382546455
neutral_no_destination,385.0,0.3407325735876785,1.8335249090152248,-2.3804481079663997,-1.1880779476733583,-0.14896437911090477,1.7631396086466915,6.082147203682441
