split,rows,log_loss,top1_accuracy,top2_accuracy,top3_accuracy,macro_f1,weighted_f1,balanced_accuracy
train,1641,0.33208758404776256,0.9597806215722121,0.992078001218769,0.9993906154783668,0.967078557439984,0.9596032848297031,0.9721394384279305
valid,1736,0.33523383994473377,0.9596774193548387,0.9919354838709677,0.9976958525345622,0.9678399016941406,0.9594404403324741,0.9731882985699954
test,2568,1.2040554192646769,0.5237538940809969,0.7971183800623053,0.926791277258567,0.4577868353255376,0.5149157874197615,0.46080970807375865
