pred_class,row_count,pct
Wing G,358,0.2181596587446679
Combo G,302,0.18403412553321147
C,227,0.13833028641072517
PF/C,198,0.1206581352833638
Wing F,194,0.1182205971968312
Scoring PG,168,0.10237659963436929
Stretch 4,156,0.09506398537477148
Pure PG,38,0.02315661182205972
