{
  "split": "test_production_train_valid",
  "rows": 915,
  "year_min": 2025.0,
  "year_max": 2025.0,
  "target_mean": 1.4340425957614973,
  "target_std": 2.7352975395847112,
  "pred_mean": 1.253273373268963,
  "pred_std": 1.9116523880118885,
  "mae": 1.3494144418662033,
  "rmse": 1.698795393855953,
  "weighted_rmse_diagnostic_only": 1.6983832951864746,
  "r2": 0.6138572384145342,
  "corr": 0.7916892199006005,
  "spearman_corr": 0.7868443613734883,
  "diagnostic_weight_mean": 0.7546866448776665,
  "diagnostic_weight_min": 0.40476190476190477,
  "diagnostic_weight_max": 0.8849252013808976,
  "poss_mean": 1121.3792349726775,
  "poss_min": 204.0,
  "poss_max": 2307.0
}