{
  "best_trial_number": 6,
  "best_value": 1.8737933368978041,
  "best_params": {
    "iterations": 314,
    "learning_rate": 0.06675426755440242,
    "depth": 7,
    "l2_leaf_reg": 17.320535358459537,
    "random_strength": 7.712703466859457,
    "bagging_temperature": 0.7404465173409036,
    "border_count": 128,
    "min_data_in_leaf": 14,
    "od_wait": 62
  },
  "best_user_attrs": {
    "best_iteration": 135,
    "valid_rmse": 1.8737933368978041,
    "valid_weighted_rmse_diagnostic_only": 1.9042315578903732,
    "valid_mae": 1.465399806798821,
    "valid_r2": 0.36840213046949843,
    "valid_corr": 0.6174869469195237,
    "valid_spearman_corr": 0.5628768290205527
  }
}