{
  "split": "test_production_train_valid",
  "rows": 797,
  "target_mean": 0.48923508374834385,
  "target_std": 2.720638212047572,
  "pred_mean": -0.000572730718891224,
  "pred_std": 1.4149185149547026,
  "mae": 1.585658351254016,
  "rmse": 2.074915176933572,
  "weighted_rmse_diagnostic_only": 2.1642200587896085,
  "r2": 0.41762280375585403,
  "corr": 0.6926341687093933,
  "spearman_corr": 0.5901989926235172,
  "diagnostic_weight_mean": 0.6998091328355129,
  "diagnostic_weight_min": 0.40239043824701193,
  "diagnostic_weight_max": 0.8851014936805821,
  "poss_mean": 888.6762860727729,
  "poss_min": 202.0,
  "poss_max": 2311.0
}