{
  "split": "test_production_train_valid",
  "rows": 915,
  "year_min": 2025.0,
  "year_max": 2025.0,
  "target_mean": 1.4340425957614973,
  "target_std": 2.7352975395847112,
  "pred_mean": 1.2541743929425158,
  "pred_std": 1.973364649246937,
  "mae": 1.32799603268072,
  "rmse": 1.6678870571440205,
  "weighted_rmse_diagnostic_only": 1.667055669911362,
  "r2": 0.6277805819459836,
  "corr": 0.798766086084361,
  "spearman_corr": 0.7906370357745887,
  "diagnostic_weight_mean": 0.7546866448776665,
  "diagnostic_weight_min": 0.40476190476190477,
  "diagnostic_weight_max": 0.8849252013808976,
  "poss_mean": 1121.3792349726775,
  "poss_min": 204.0,
  "poss_max": 2307.0
}