pred_class,row_count,pct
Wing G,769,0.2396385166718604
Combo G,568,0.1770021813649112
C,459,0.14303521346213774
Wing F,379,0.11810532876285447
PF/C,376,0.11717045808663135
Scoring PG,308,0.09598005609224057
Stretch 4,268,0.08351511374259894
Pure PG,82,0.025553131816765346
