split,rows,log_loss,top1_accuracy,top2_accuracy,top3_accuracy,macro_f1,weighted_f1,balanced_accuracy
train,3377,0.835679071902525,0.7210541901095647,0.8981344388510513,0.9668344684631329,0.7384169725467116,0.7193613699258534,0.7599555090544233
valid,1209,0.8159128670540385,0.7361455748552522,0.9164598842018197,0.9768403639371381,0.751168226755506,0.7343383066092385,0.7700900609879184
test,1359,1.158092634319211,0.5018395879323032,0.797645327446652,0.9264164827078735,0.46699592155446434,0.5029309401789253,0.4702451442799777
