pred_class,row_count,pct
Wing G,682,0.20195439739413681
Combo G,555,0.16434705359786794
C,517,0.15309446254071662
Wing F,424,0.12555522653242523
Scoring PG,403,0.11933668936926266
PF/C,371,0.10986082321587208
Stretch 4,325,0.09623926562037312
Pure PG,100,0.029612081729345572
